Workbook

Sheet Исходные данные
A1: Код ценной бумаги с Московской биржи | B1: Количество
A2: RU000A10ATB6 | B2: 198
A3: RU000A106HF5 | B3: 242
A4: RU000A104ZK2 | B4: 210
A5: RU000A1070X5 | B5: 224
A6: RU000A10ARS4 | B6: 196
A7: RU000A1077X0 | B7: 254
A8: RU000A106JV8 | B8: 207
A9: RU000A104YT6 | B9: 205
A10: RU000A106A86 | B10: 219
A11: RU000A103G00 | B11: 242
A12: RU000A1066A1 | B12: 229
A13: RU000A103QK3 | B13: 240
... A26: RU000A107MM9 | B26: 207

Sheet Ден.поток
A1: Название | B1: Идентификатор | C1: Дата выплаты | D1: Денежный поток, ₽ (купон | выплата номинала)
A2: АБЗ-1 001P-05 (номинал 💯) | B2: RU000A1070X5 | C2: 46295 | D2: 39200
A3: Мэйл.Ру Финанс 001P-01 (купон 🏷️) | B3: RU000A103QK3 | C3: 46280 | D3: 9453.6
A4: Мэйл.Ру Финанс 001P-01 (номинал 💯) | B4: RU000A103QK3 | C4: 46280 | D4: 240000
A5: Банк ВТБ (ПАО) Б-1-343 (номинал 💯) | B5: RU000A106TM6 | C5: 46266 | D5: 201000
A6: Новые технологии 001Р-02 (купон 🏷️) | B6: RU000A10AHE5 | C6: 46252 | D6: 4113.2
A7: Новые технологии 001Р-02 (номинал 💯) | B7: RU000A10AHE5 | C7: 46372 | D7: 182000
A8: Селектел 001P-03R (купон 🏷️) | B8: RU000A106R95 | C8: 46248 | D8: 14789.36
A9: Селектел 001P-03R (номинал 💯) | B9: RU000A106R95 | C9: 46248 | D9: 223000
B10: Данные автоматически обновлены 27.07.2026 в 15:15:09

Sheet Аналитика
A1: ="🔍 Бюджет поступлений в рублях от "&TEXT(DATE(YEAR(TODAY()),MONTH(TODAY()),DAY(TODAY())),"ДД.ММ.ГГГГ")&" на год вперёд (итого "&TEXT(SUMIFS(Ден.поток!D:D,Ден.поток!C:C,">="&DATE(2025,1,1),Ден.поток!C:C,"<"&EDATE(DATE(2025,1,1),12)),"# ##0 ₽")&"):"
A2: Месяцы | B2: Только купоны, ₽ | C2: Совокупные выплаты: купоны + погашения, ₽
A3: =DATE(YEAR(TODAY()),MONTH(TODAY()),1) | B3: =SUMIFS(Ден.поток!D:D, Ден.поток!C:C, ">=" & A3, Ден.поток!C:C, "<" & EDATE(A3,1), Ден.поток!A:A, "*(купон 🏷️)*") | C3: =SUMIFS(Ден.поток!D:D, Ден.поток!C:C, ">=" & A3, Ден.поток!C:C, "<" & EDATE(A3,1))
A4: =EDATE(A3,1) | B4: =SUMIFS(Ден.поток!D:D, Ден.поток!C:C, ">=" & A4, Ден.поток!C:C, "<" & EDATE(A4,1), Ден.поток!A:A, "*(купон 🏷️)*") | C4: =SUMIFS(Ден.поток!D:D, Ден.поток!C:C, ">=" & A4, Ден.поток!C:C, "<" & EDATE(A4,1))
A5: =EDATE(A4,1) | B5: =SUMIFS(Ден.поток!D:D, Ден.поток!C:C, ">=" & A5, Ден.поток!C:C, "<" & EDATE(A5,1), Ден.поток!A:A, "*(купон 🏷️)*") | C5: =SUMIFS(Ден.поток!D:D, Ден.поток!C:C, ">=" & A5, Ден.поток!C:C, "<" & EDATE(A5,1))
A6: =EDATE(A5,1) | B6: =SUMIFS(Ден.поток!D:D, Ден.поток!C:C, ">=" & A6, Ден.поток!C:C, "<" & EDATE(A6,1), Ден.поток!A:A, "*(купон 🏷️)*") | C6: =SUMIFS(Ден.поток!D:D, Ден.поток!C:C, ">=" & A6, Ден.поток!C:C, "<" & EDATE(A6,1))
A7: =EDATE(A6,1) | B7: =SUMIFS(Ден.поток!D:D, Ден.поток!C:C, ">=" & A7, Ден.поток!C:C, "<" & EDATE(A7,1), Ден.поток!A:A, "*(купон 🏷️)*") | C7: =SUMIFS(Ден.поток!D:D, Ден.поток!C:C, ">=" & A7, Ден.поток!C:C, "<" & EDATE(A7,1))
A8: =EDATE(A7,1) | B8: =SUMIFS(Ден.поток!D:D, Ден.поток!C:C, ">=" & A8, Ден.поток!C:C, "<" & EDATE(A8,1), Ден.поток!A:A, "*(купон 🏷️)*") | C8: =SUMIFS(Ден.поток!D:D, Ден.поток!C:C, ">=" & A8, Ден.поток!C:C, "<" & EDATE(A8,1))
A9: =EDATE(A8,1) | B9: =SUMIFS(Ден.поток!D:D, Ден.поток!C:C, ">=" & A9, Ден.поток!C:C, "<" & EDATE(A9,1), Ден.поток!A:A, "*(купон 🏷️)*") | C9: =SUMIFS(Ден.поток!D:D, Ден.поток!C:C, ">=" & A9, Ден.поток!C:C, "<" & EDATE(A9,1))
A10: =EDATE(A9,1) | B10: =SUMIFS(Ден.поток!D:D, Ден.поток!C:C, ">=" & A10, Ден.поток!C:C, "<" & EDATE(A10,1), Ден.поток!A:A, "*(купон 🏷️)*") | C10: =SUMIFS(Ден.поток!D:D, Ден.поток!C:C, ">=" & A10, Ден.поток!C:C, "<" & EDATE(A10,1))
A11: =EDATE(A10,1) | B11: =SUMIFS(Ден.поток!D:D, Ден.поток!C:C, ">=" & A11, Ден.поток!C:C, "<" & EDATE(A11,1), Ден.поток!A:A, "*(купон 🏷️)*") | C11: =SUMIFS(Ден.поток!D:D, Ден.поток!C:C, ">=" & A11, Ден.поток!C:C, "<" & EDATE(A11,1))
A12: =EDATE(A11,1) | B12: =SUMIFS(Ден.поток!D:D, Ден.поток!C:C, ">=" & A12, Ден.поток!C:C, "<" & EDATE(A12,1), Ден.поток!A:A, "*(купон 🏷️)*") | C12: =SUMIFS(Ден.поток!D:D, Ден.поток!C:C, ">=" & A12, Ден.поток!C:C, "<" & EDATE(A12,1))
A13: =EDATE(A12,1) | B13: =SUMIFS(Ден.поток!D:D, Ден.поток!C:C, ">=" & A13, Ден.поток!C:C, "<" & EDATE(A13,1), Ден.поток!A:A, "*(купон 🏷️)*") | C13: =SUMIFS(Ден.поток!D:D, Ден.поток!C:C, ">=" & A13, Ден.поток!C:C, "<" & EDATE(A13,1))
A14: =EDATE(A13,1) | B14: =SUMIFS(Ден.поток!D:D, Ден.поток!C:C, ">=" & A14, Ден.поток!C:C, "<" & EDATE(A14,1), Ден.поток!A:A, "*(купон 🏷️)*") | C14: =SUMIFS(Ден.поток!D:D, Ден.поток!C:C, ">=" & A14, Ден.поток!C:C, "<" & EDATE(A14,1))
A16: ="💰 Все ближайшие выплаты с "&TEXT(TODAY(),"ДД.ММ.ГГГГ")&" по "&TEXT(TODAY()+30,"ДД.ММ.ГГГГ")&":"
A17: {=_xlfn._xlws.FILTER(Ден.поток!A:D, (Ден.поток!C:C>=TODAY()) * (Ден.поток!C:C<=TODAY()+30) * (Ден.поток!A:A<>""), "Нет выплат в ближайшие 30 дней")}

Sheet Описание
A1: Этот файл представляет собой файл-шаблон для Python-скрипта, предназначенного
A2: для автоматизации работы с облигациями.
A4: Скрипт загружает информацию о купонных выплатах и погашении номиналов
A5: для заданных облигаций через API Московской биржи, а затем сохраняет
A6: результаты на лист "Ден.поток".
A8: В данном файле-шаблоне на листе "Аналитика" представлен анализ полученных
A9: данных.
A11: Этот файл-шаблон плюс Python-скрипт представляет инструмент, который эффективно
A12: рассчитывает денежные потоки по облигациям, значительно упрощая процесс анализа.
A14: Подробная статьи с описанием и другие скрипты:
A15: https://github.com/empenoso/moex-bond-search-and-analysis
A17: Автор: Михаил Шардин
A18: https://shardin.name/
